{
	"system" : {
		"platform" : "windows64",
		"os_name" : "Windows 10",
		"os_version" : "10.0"
	},
	"error" : {
		"executable" : "quartus",
		"comment" : "not_applicable",
		"error_message" : "Access Violation at 0X00007FFD81051A8D",
		"source_file" : "unknown",
		"line" : "0",
		"stack_trace" : "\t0x7ffd81051a8c: ntdll + 0x21a8c (RtlEnterCriticalSection + 0xc)\n\t0x7ffcb378226a: wintab32 + 0x226a (Ordinal998 + 0x226a)\n\t0x7ffcb378101c: wintab32 + 0x101c (Ordinal998 + 0x101c)\n\t0x7ffcb37891a3: wintab32 + 0x91a3 (WTMgrCsrPressureBtnMarksEx + 0x793)\n\t0x7ffd81058b5e: ntdll + 0x28b5e (RtlActivateActivationContextUnsafeFast + 0x12e)\n\t0x7ffd81081565: ntdll + 0x51565 (LdrShutdownProcess + 0x175)\n\t0x7ffd8108115c: ntdll + 0x5115c (RtlExitUserProcess + 0xac)\n\t0x7ffd802c7faa: KERNEL32 + 0x17faa (ExitProcess + 0xa)\n\t0x7ffd407d29a6: MSVCR120 + 0x229a6 (_initterm_e + 0x21a)\n\t0x7ff660d21f57: quartus + 0x1f57 (__tmainCRTStartup + 0x15f)\n\t0x7ffd802c257c: KERNEL32 + 0x1257c (BaseThreadInitThunk + 0x1c)\n\t0x7ffd8108af07: ntdll + 0x5af07 (RtlUserThreadStart + 0x27)\n",
		"subsystem" : "unknown"
	},
	"quartus" : {
		"quartus_bits" : "64",
		"version" : "20.1.1",
		"build" : "720",
		"edition" : "Lite Edition"
	}
}